Drew Deforge ddeforge@company.com
Elenora Flake eflake@company.com
Jaimie Hensen jhensen@company.com
Russel Finch rfinch@company.com
Cher Ivy civy@company.com
Nolan Funes nfunes@company.com
Susanne Cranford scranfor@company.com
Rosann Cockburn rcockbur@company.com
Lynetta Krumm lkrumm@company.com
Darrel Puma dpuma@company.com
Nelle Hanlin nhanlin@company.com
Brenda Herrell bherrell@company.com
Gussie Tardiff gtardiff@company.com
Hiram Daughtry hdaughtr@company.com
Francie Winter fwinter@company.com
Larisa Rostad lrostad@company.com
Michale Bonetti mbonetti@company.com
Hilario Roache hroache@company.com
Leanora Fazekas lfazekas@company.com
Thelma Mcgraw tmcgraw@company.com
Elaine Fruchter efruchte@company.com
Soo Armond sarmond@company.com
Rebbeca Campana rcampana@company.com
Delana Speaker dspeaker@company.com
Griselda Basch gbasch@company.com
Jerrie Gilder jgilder@company.com
Twila Tweedy ttweedy@company.com
Coreen Lal clal@company.com
Yuko Trevathan ytrevath@company.com
Anton Kile akile@company.com
Telma Falk tfalk@company.com
Claud Faz cfaz@company.com
Fredrick Tomes ftomes@company.com
Malka Brimmer mbrimmer@company.com
Marita Koprowski mkoprows@company.com
Khalilah Newberg knewberg@company.com
Misha Lastrapes mlastrap@company.com
Aliza Creech acreech@company.com
Leota Largent llargent@company.com
Wilson Stabler wstabler@company.com
Renita Midgette rmidgett@company.com
Reggie Diep rdiep@company.com
Chieko Lechler clechler@company.com
Haywood Debartolo hdebarto@company.com
Ta Alers talers@company.com
Pamela Baptist pbaptist@company.com
Rosette Foti rfoti@company.com
Angela Daughdrill adaughdr@company.com
Kirk Rhynes krhynes@company.com
Marvis Wrench mwrench@company.com
